CREATE SEQUENCE PhysicianID_seq START WITH 33000 INCREMENT BY 10;
CREATE SEQUENCE healthCareID_seq START WITH 33000 INCREMENT BY 10;
CREATE SEQUENCE invoiceNumber_seq START WITH 33000 INCREMENT BY 10;

INSERT INTO Doctor (physicianID, firstName, lastName, Role) VALUES(physicianID_seq.nextval, 'Charlie', 'Day', 'Surgeon');
INSERT INTO Doctor (physicianID, firstName, lastName, Role) VALUES(physicianID_seq.nextval, 'Hunter', 'Pinkleby', 'Surgeon');
INSERT INTO Doctor (physicianID, firstName, lastName, Role) VALUES(physicianID_seq.nextval, 'Chase', 'Chalker', 'Surgeon');
INSERT INTO Doctor (physicianID, firstName, lastName, Role) VALUES(physicianID_seq.nextval, 'Lindsay', 'Lindor', 'Surgeon');
INSERT INTO Doctor (physicianID, firstName, lastName, Role) VALUES(physicianID_seq.nextval, 'Danny', 'Devito', 'Surgeon');
INSERT INTO Doctor (physicianID, firstName, lastName, Role) VALUES(physicianID_seq.nextval, 'Lindsey', 'Aglet', 'PCP');
INSERT INTO Doctor (physicianID, firstName, lastName, Role) VALUES(physicianID_seq.nextval, 'Lana', 'Capulet', 'PCP');
INSERT INTO Doctor (physicianID, firstName, lastName, Role) VALUES(physicianID_seq.nextval, 'Marissa', 'Montague', 'PCP');
INSERT INTO Doctor (physicianID, firstName, lastName, Role) VALUES(physicianID_seq.nextval, 'Maurice', 'Jackson', 'PCP');
INSERT INTO Doctor (physicianID, firstName, lastName, Role) VALUES(physicianID_seq.nextval, 'James', 'Toldeo', 'PCP');
INSERT INTO Doctor (physicianID, firstName, lastName, Role) VALUES(physicianID_seq.nextval, 'Frank', 'Schwartz', 'OP');
INSERT INTO Doctor (physicianID, firstName, lastName, Role) VALUES(physicianID_seq.nextval, 'Dennis', 'Reynolds', 'OP');
INSERT INTO Doctor (physicianID, firstName, lastName, Role) VALUES(physicianID_seq.nextval, 'Burt', 'Macklin', 'OP');

INSERT INTO PCP (physicianID, Specialty, medicalFacility) VALUES(33050, 'Family Practitioner', 'Hope Hospital');
INSERT INTO PCP (physicianID, Specialty, medicalFacility) VALUES(33060, 'Physician Assistant', 'Sacred Heart Hospital');
INSERT INTO PCP (physicianID, Specialty, medicalFacility) VALUES(33070, 'Osteopath', 'iHospital');
INSERT INTO PCP (physicianID, Specialty, medicalFacility) VALUES(33080, 'Geriatric Practitioner', 'Death U');
INSERT INTO PCP (physicianID, Specialty, medicalFacility) VALUES(33090, 'General Pediatrician', 'Nuclear University');

INSERT INTO Surgeon (physicianID, boardCertified) VALUES(33000, 'Y');
INSERT INTO Surgeon (physicianID, boardCertified) VALUES(33010, 'N');
INSERT INTO Surgeon (physicianID, boardCertified) VALUES(33020, 'Y');
INSERT INTO Surgeon (physicianID, boardCertified) VALUES(33030, 'N');
INSERT INTO Surgeon (physicianID, boardCertified) VALUES(33040, 'N');

INSERT INTO OP (physicianID, OrganType, OrganBank) VALUES(33100, 'Heart', 'North Star Hospital');
INSERT INTO OP (physicianID, OrganType, OrganBank) VALUES(33110, 'Skin', 'Paddys Pub');
INSERT INTO OP (physicianID, OrganType, OrganBank) VALUES(33120, 'Brain', 'Pawnee Health Clinic');

INSERT INTO Patient (healthCareID, bloodType, firstName, lastName, city, state, birthDate, physicianID) VALUES(healthCareID_seq.nextval, 'A', 'Jane', 'Smith', 'Worcester', 'MA', '1-Jan-1979', 33050);
INSERT INTO Patient (healthCareID, bloodType, firstName, lastName, city, state, birthDate, physicianID) VALUES(healthCareID_seq.nextval, 'A', 'Janet', 'Smith', 'Worcester', 'MA', '10-Jan-1979', 33060);
INSERT INTO Patient (healthCareID, bloodType, firstName, lastName, city, state, birthDate, physicianID) VALUES(healthCareID_seq.nextval, 'A', 'Janice', 'Brown', 'Boston', 'MA', '1-Jan-1979', 33070);
INSERT INTO Patient (healthCareID, bloodType, firstName, lastName, city, state, birthDate, physicianID) VALUES(healthCareID_seq.nextval, 'A', 'Rob', 'DiPario', 'Worcester', 'MA', '12-Jan-1979', 33060);
INSERT INTO Patient (healthCareID, bloodType, firstName, lastName, city, state, birthDate, physicianID) VALUES(healthCareID_seq.nextval, 'O', 'Rick', 'Bomple', 'Boston', 'MA', '13-Jan-1979', 33070);
INSERT INTO Patient (healthCareID, bloodType, firstName, lastName, city, state, birthDate, physicianID) VALUES(healthCareID_seq.nextval, 'O', 'Earl', 'Whitworth', 'Jaffery', 'NH', '1-Jan-1979', 33050);
INSERT INTO Patient (healthCareID, bloodType, firstName, lastName, city, state, birthDate, physicianID) VALUES(healthCareID_seq.nextval, 'AB', 'Thebe', 'Anaka', 'Rindge', 'NH', '7-Jan-1979', 33060);
INSERT INTO Patient (healthCareID, bloodType, firstName, lastName, city, state, birthDate, physicianID) VALUES(healthCareID_seq.nextval, 'B', 'Roxanne', 'Brown', 'Boston', 'MA', '9-Jan-1979', 33070);
INSERT INTO Patient (healthCareID, bloodType, firstName, lastName, city, state, birthDate, physicianID) VALUES(healthCareID_seq.nextval, 'B', 'Jeeves', 'Braun', 'Worcester', 'MA', '24-Jan-1979', 33060);
INSERT INTO Patient (healthCareID, bloodType, firstName, lastName, city, state, birthDate, physicianID) VALUES(healthCareID_seq.nextval, 'AB', 'Paul', 'Marshon', 'Lowell', 'MA', '24-Feb-1979', 33050);
INSERT INTO Patient (healthCareID, bloodType, firstName, lastName, city, state, birthDate, physicianID) VALUES(healthCareID_seq.nextval, 'O', 'Raul', 'Thurnbock', 'Keene', 'NH', '24-Dec-1979', 33070);
INSERT INTO Patient (healthCareID, bloodType, firstName, lastName, city, state, birthDate, physicianID) VALUES(healthCareID_seq.nextval, 'A', 'Saul', 'Brown', 'Worcester', 'MA', '24-Aug-1979', 33080);
INSERT INTO Patient (healthCareID, bloodType, firstName, lastName, city, state, birthDate, physicianID) VALUES(healthCareID_seq.nextval, 'O', 'Kaitlynn', 'Peddler', 'Boston', 'MA', '17-Aug-1979', 33050);
INSERT INTO Patient (healthCareID, bloodType, firstName, lastName, city, state, birthDate, physicianID) VALUES(healthCareID_seq.nextval, 'AB', 'Jake', 'Dipple', 'Fitchburg', 'MA', '17-Aug-1989', 33060);
INSERT INTO Patient (healthCareID, bloodType, firstName, lastName, city, state, birthDate, physicianID) VALUES(healthCareID_seq.nextval, 'O', 'Jack', 'Swack', 'Worcester', 'MA', '17-Aug-1999', 33070);
INSERT INTO Patient (healthCareID, bloodType, firstName, lastName, city, state, birthDate, physicianID) VALUES(healthCareID_seq.nextval, 'B', 'Susan', 'Blonda', 'Lowell', 'MA', '9-Jan-1969', 33090);
INSERT INTO Patient (healthCareID, bloodType, firstName, lastName, city, state, birthDate, physicianID) VALUES(healthCareID_seq.nextval, 'B', 'Susanne', 'Ponkle', 'Boston', 'MA', '1-Jan-1972', 33050);
INSERT INTO Patient (healthCareID, bloodType, firstName, lastName, city, state, birthDate, physicianID) VALUES(healthCareID_seq.nextval, 'B', 'Mike', 'James', 'Worcester', 'MA', '17-May-1963', 33090);
INSERT INTO Patient (healthCareID, bloodType, firstName, lastName, city, state, birthDate, physicianID) VALUES(healthCareID_seq.nextval, 'AB', 'Dennis', 'Durnbo', 'Lowell', 'MA', '12-May-1963', 33090);
INSERT INTO Patient (healthCareID, bloodType, firstName, lastName, city, state, birthDate, physicianID) VALUES(healthCareID_seq.nextval, 'O', 'Denise', 'Deckhart', 'Fitchburg', 'MA', '2-May-1963', 33080);

INSERT INTO Operation (invoiceNumber, physicianID, healthCareID, cost, isSuccessful, operationDate) VALUES(invoiceNumber_seq.nextval, 33000, 33000, 999.99, 'N', '1-Feb-1999');
INSERT INTO Operation (invoiceNumber, physicianID, healthCareID, cost, isSuccessful, operationDate) VALUES(invoiceNumber_seq.nextval, 33000, 33010, 170000.99, 'N', '10-Jan-2009');
INSERT INTO Operation (invoiceNumber, physicianID, healthCareID, cost, isSuccessful, operationDate) VALUES(invoiceNumber_seq.nextval, 33000, 33020, 55, 'N', '1-Jan-1999');
INSERT INTO Operation (invoiceNumber, physicianID, healthCareID, cost, isSuccessful, operationDate) VALUES(invoiceNumber_seq.nextval, 33000, 33030, 10, 'N', '12-Jan-2013');
INSERT INTO Operation (invoiceNumber, physicianID, healthCareID, cost, isSuccessful, operationDate) VALUES(invoiceNumber_seq.nextval, 33000, 33040, 15000, 'N', '13-Jan-2029');
INSERT INTO Operation (invoiceNumber, physicianID, healthCareID, cost, isSuccessful, operationDate) VALUES(invoiceNumber_seq.nextval, 33010, 33050, 30000, 'N', '1-Jan-1979');
INSERT INTO Operation (invoiceNumber, physicianID, healthCareID, cost, isSuccessful, operationDate) VALUES(invoiceNumber_seq.nextval, 33010, 33060, 20009, 'N', '7-Jan-2009');
INSERT INTO Operation (invoiceNumber, physicianID, healthCareID, cost, isSuccessful, operationDate) VALUES(invoiceNumber_seq.nextval, 33010, 33070, 1999, 'N', '9-Jan-2000');
INSERT INTO Operation (invoiceNumber, physicianID, healthCareID, cost, isSuccessful, operationDate) VALUES(invoiceNumber_seq.nextval, 33020, 33080, 5, 'N', '24-Jan-1989');
INSERT INTO Operation (invoiceNumber, physicianID, healthCareID, cost, isSuccessful, operationDate) VALUES(invoiceNumber_seq.nextval, 33020, 33090, 2, 'N', '24-Feb-1988');
INSERT INTO Operation (invoiceNumber, physicianID, healthCareID, cost, isSuccessful, operationDate) VALUES(invoiceNumber_seq.nextval, 33020, 33100, 10, 'Y', '24-Dec-1987');
INSERT INTO Operation (invoiceNumber, physicianID, healthCareID, cost, isSuccessful, operationDate) VALUES(invoiceNumber_seq.nextval, 33020, 33110, 300, 'N', '24-Aug-1999');
INSERT INTO Operation (invoiceNumber, physicianID, healthCareID, cost, isSuccessful, operationDate) VALUES(invoiceNumber_seq.nextval, 33030, 33120, 750, 'Y', '17-Aug-2049');
INSERT INTO Operation (invoiceNumber, physicianID, healthCareID, cost, isSuccessful, operationDate) VALUES(invoiceNumber_seq.nextval, 33030, 33130, 75000, 'Y', '17-Aug-1989');
INSERT INTO Operation (invoiceNumber, physicianID, healthCareID, cost, isSuccessful, operationDate) VALUES(invoiceNumber_seq.nextval, 33030, 33140, 2000000, 'Y', '17-Aug-1999');
INSERT INTO Operation (invoiceNumber, physicianID, healthCareID, cost, isSuccessful, operationDate) VALUES(invoiceNumber_seq.nextval, 33030, 33150, 20000, 'Y', '9-Mar-1970');
INSERT INTO Operation (invoiceNumber, physicianID, healthCareID, cost, isSuccessful, operationDate) VALUES(invoiceNumber_seq.nextval, 33030, 33160, 10000, 'Y', '1-Jan-1973');
INSERT INTO Operation (invoiceNumber, physicianID, healthCareID, cost, isSuccessful, operationDate) VALUES(invoiceNumber_seq.nextval, 33040, 33170, 7777, 'N', '17-May-1972');
INSERT INTO Operation (invoiceNumber, physicianID, healthCareID, cost, isSuccessful, operationDate) VALUES(invoiceNumber_seq.nextval, 33040, 33180, 6666, 'N', '12-May-1983');
INSERT INTO Operation (invoiceNumber, physicianID, healthCareID, cost, isSuccessful, operationDate) VALUES(invoiceNumber_seq.nextval, 33040, 33190, 0, 'Y', '2-May-1993');
INSERT INTO Organ VALUES(1, 33100, 'AB', '25-DEC-1959', 33000);
INSERT INTO Organ VALUES(1, 33110, 'AB', '25-JAN-1549', 33010);
INSERT INTO Organ VALUES(2, 33110, 'A', '25-MAR-1999', 33020);
INSERT INTO Organ VALUES(3, 33110, 'B', '15-DEC-1929', 33030);
INSERT INTO Organ VALUES(1, 33120, 'O', '25-DEC-1959', 33040);
INSERT INTO Organ VALUES(2, 33100, 'AB', '25-AUG-1959', 33050);
INSERT INTO Organ VALUES(3, 33100, 'O', '15-APR-1865', 33060);
INSERT INTO Organ VALUES(4, 33100, 'A', '04-JUN-1929', 33070);
INSERT INTO Organ VALUES(2, 33120, 'B', '25-MAY-1959', 33080);
INSERT INTO Organ VALUES(5, 33100, 'O', '25-JUN-4000', 33090);
INSERT INTO Organ VALUES(4, 33110, 'O', '25-DEC-0010', 33100);
INSERT INTO Organ VALUES(6, 33100, 'AB', '25-DEC-1309', 33110);
INSERT INTO Organ VALUES(3, 33120, 'A', '01-JAN-2000', 33120);
INSERT INTO Organ VALUES(4, 33120, 'B', '25-JUL-1959', 33130);
INSERT INTO Organ VALUES(5, 33110, 'B', '12-SEP-2001', 33140);
INSERT INTO Organ VALUES(7, 33100, 'AB', '25-NOV-1959', 33150);
INSERT INTO Organ VALUES(5, 33120, 'A', '25-DEC-1959', 33160);
INSERT INTO Organ VALUES(6, 33110, 'O', '25-FEB-1959', 33170);
INSERT INTO Organ VALUES(6, 33120, 'O', '31-AUG-1999', 33180);
INSERT INTO Organ VALUES(7, 33110, 'AB', '25-OCT-1959', 33190);

insert into SurgeonPatient values(33000, 33000);
insert into SurgeonPatient values(33000, 33010);
insert into SurgeonPatient values(33000, 33020);
insert into SurgeonPatient values(33000, 33030);
insert into SurgeonPatient values(33000, 33040);
insert into SurgeonPatient values(33010, 33050);
insert into SurgeonPatient values(33010, 33060);
insert into SurgeonPatient values(33010, 33070);
insert into SurgeonPatient values(33010, 33080);
insert into SurgeonPatient values(33020, 33090);
insert into SurgeonPatient values(33020, 33100);
insert into SurgeonPatient values(33020, 33110);
insert into SurgeonPatient values(33030, 33120);
insert into SurgeonPatient values(33030, 33130);
insert into SurgeonPatient values(33030, 33140);
insert into SurgeonPatient values(33030, 33150);
insert into SurgeonPatient values(33030, 33160);
insert into SurgeonPatient values(33030, 33170);
insert into SurgeonPatient values(33030, 33180);
insert into SurgeonPatient values(33030, 33190);
